lp_loss,lp_lr,lp_hidden,lp_dropout,lp_weight_decay,lp_loss_alpha,smooth_alpha,best_score
PWGLoss,0.0010577536357318947,128,0.4588870612564717,0.013922824544531608,2.7584674032551804,18,0.006069021299481392
PWGLossRegularized,0.001720021822320989,1024,0.26082357619681706,0.05320428882732735,1.664256836043872,13,0.06813771277666092
PWGLossRegularized,0.0034885205571560775,512,0.11239832276542383,0.00039281548020791437,3.826600489774898,21,0.06851974129676819